timestamp,accX,accY,accZ,gyroX,gyroY,gyroZ
0,1.4030,-0.0287,-9.6846,-1.6183,2.5038,0.7481
20,1.2115,-0.0251,-9.7397,-2.3588,2.3740,2.4046
40,1.1456,-0.0108,-10.0964,-1.8397,0.7634,0.8550
60,1.3036,-0.0263,-9.9288,-0.5573,1.2443,0.6183
80,1.3839,-0.0419,-9.8893,-0.4809,0.1527,1.7099
100,1.8364,0.1030,-9.9420,-1.0916,-4.0840,2.6260
120,1.8866,-0.1592,-10.4136,2.0534,-7.9313,11.2519
140,0.9086,-0.2693,-11.2313,10.1679,-21.0916,13.0840
160,1.0439,-0.1963,-10.6207,22.0076,-24.4351,8.9237
180,1.1792,-0.6141,-9.3051,23.4962,-21.7557,10.8779
200,1.2929,-0.3412,-8.8646,10.8779,-21.2748,7.9771
220,1.1624,-0.2490,-10.3119,-0.2137,-15.7176,10.2672
240,0.8655,-0.5818,-10.9104,5.6718,-1.3511,12.7176
260,0.5938,-0.7566,-10.6327,10.2595,-1.4198,12.8550
280,0.6440,-0.4142,-11.0696,18.9695,-26.8550,12.0458
300,0.2514,-0.6428,-10.8290,24.1756,-35.3969,13.8702
320,-0.0730,-0.7673,-10.2520,22.8473,-15.8092,13.0458
340,-0.3795,-0.8069,-9.9144,16.8626,-6.1298,12.7481
360,-0.7362,-0.9337,-10.2245,13.7328,-8.8626,9.6489
380,-0.5878,-0.8140,-11.2672,27.7099,-38.0458,3.6260
400,-0.3879,-0.9242,-10.1934,46.9771,-39.8168,4.1832
420,-0.6560,-1.2701,-7.9715,40.4198,-32.2290,5.4656
440,-1.1768,-1.2689,-8.4803,20.1908,-31.0916,3.1221
460,-1.2007,-1.4389,-9.3255,9.9924,-31.9924,-0.6336
480,-1.2270,-1.4880,-9.5014,8.6947,-27.8321,-3.2443
500,-0.5842,-1.4090,-9.8247,10.1603,-14.7634,-2.5496
520,-0.7254,-1.7035,-9.8678,16.1450,-25.6947,3.5496
540,-1.6795,-1.8340,-9.8139,26.0153,-59.3359,2.9924
560,-2.1907,-2.1093,-9.1938,24.2977,-54.9542,-3.9084
580,-1.6412,-2.1775,-8.5797,10.2137,-29.8779,-6.7786
600,-1.5060,-1.8663,-8.8909,-0.6870,-26.7863,-3.7023
620,-1.7442,-1.9656,-9.8235,2.7405,-40.5115,-0.9466
640,-2.2925,-2.0602,-9.5984,7.7252,-36.0153,0.8931
660,-2.6312,-1.9776,-8.8502,4.4809,-20.5344,0.7863
680,-2.6480,-1.9932,-8.5916,-4.6565,-19.5649,0.7939
700,-2.9940,-2.0782,-8.9137,-9.3282,-23.8931,-1.4351
720,-2.9018,-1.9525,-9.0058,-9.9618,-16.9466,-5.1908
740,-2.5606,-1.8986,-8.6455,-7.4580,-14.1603,-6.8321
760,-2.1847,-1.6017,-7.9536,-12.6107,-23.9542,-3.3817
780,-2.4409,-1.7322,-8.8382,-21.8244,-32.6336,1.5878
800,-3.3962,-1.8938,-9.5350,-16.1985,-18.6870,1.6031
820,-3.9121,-1.6999,-9.2596,-15.5420,-9.7863,-7.8626
840,-3.0514,-1.7167,-9.1351,-15.9313,1.5649,-18.2901
860,-2.6827,-1.4856,-8.9591,-18.0000,-3.1679,-18.7786
880,-2.5810,-1.1373,-9.5661,-19.0076,-7.5725,-19.4275
900,-1.9609,-1.0451,-10.0353,-12.2672,0.0153,-13.3817
920,-2.6384,-0.9744,-9.1208,-5.3435,6.8015,-6.6489
940,-2.9233,-1.0295,-8.1762,-12.2519,14.3588,-9.0153
960,-2.7569,-1.1636,-8.5258,-17.8779,26.6183,-12.0992
980,-2.6420,-0.8799,-8.4899,-17.4122,20.2214,-13.9847
1000,-2.3248,-0.9361,-9.0465,-18.6260,17.6641,-17.2366
1020,-2.4696,-1.4653,-9.2249,-14.1298,23.2748,-15.5344
1040,-2.5546,-1.3204,-8.4013,-21.0763,42.4275,-20.4275
1060,-2.3451,-1.1780,-9.5374,-29.8397,63.2901,-25.2901
1080,-1.0427,-1.2725,-10.3777,-24.2061,32.2137,-25.1527
1100,-0.9278,-1.0738,-10.1395,-15.6031,27.0076,-16.1450
1120,-1.2989,-0.9601,-9.8929,-19.8321,27.8702,-5.6183
1140,-1.0738,-1.0810,-10.2808,-29.9313,42.6489,3.9771
1160,-0.4501,-0.9098,-11.3869,-23.7557,46.7176,15.2519
1180,-0.4549,-0.8823,-10.6973,-10.2519,25.2443,20.8626
1200,-1.3156,-0.8033,-9.6654,-11.8855,34.0992,23.8244
1220,-1.0882,-0.2945,-10.3143,-16.5802,65.6870,19.7939
1240,-0.4621,-0.3603,-10.2664,-5.3206,52.4885,16.4885
1260,-0.0634,-0.2670,-9.5781,-8.5878,32.2137,12.2290
1280,0.0311,-0.1377,-10.1443,-12.9695,34.0229,14.3511
1300,-0.8787,-0.2442,-10.0653,-9.2443,32.8779,12.5267
1320,-0.2753,-0.4166,-9.1363,-11.7252,62.0992,8.6565
1340,-0.3196,-0.5064,-10.0150,-21.1756,53.1679,5.8092
1360,0.4453,-0.4717,-10.7297,-20.6718,44.2672,2.4427
1380,0.2334,-0.2753,-11.7197,-18.3282,35.1221,3.2443
1400,0.2981,-0.3950,-12.1925,1.2595,19.4809,3.1221
1420,0.4417,-0.3831,-11.1894,19.2672,6.5878,5.1298
1440,0.8619,-0.2119,-9.9683,26.9771,-12.1756,7.5725
1460,0.3783,-0.4094,-8.8670,18.6870,-0.7328,13.1908
1480,-0.0958,-0.5351,-9.0741,8.5725,4.1221,10.8626
1500,-0.2945,-0.5088,-9.0429,3.4427,0.7252,6.3817
1520,-0.0766,-0.4836,-9.7445,-4.3817,7.4275,2.8321
1540,0.1460,-0.4178,-10.3897,-2.3893,10.6947,2.8855
1560,0.2215,-0.5100,-10.5884,2.1145,-1.9542,0.4198
1580,0.5303,-0.5315,-10.1646,7.8931,-4.2824,0.3053
1600,0.4262,-0.5734,-9.0801,2.6870,4.2824,-0.5649
1620,1.0139,-0.6428,-9.7373,-4.3359,5.1069,-1.9771
1640,0.6907,-0.4357,-10.6279,3.9466,-3.0458,0.2595
1660,0.3101,-0.5183,-9.7612,4.7863,4.8015,0.8626
1680,0.7099,-0.6752,-9.3889,1.0916,9.7786,-0.1450
1700,0.4561,-0.5890,-10.0437,-0.0916,-0.8092,2.0763
1720,0.1748,-0.5375,-10.0892,4.0611,-2.7786,1.7786
1740,0.4453,-0.5722,-10.1874,6.6718,1.1450,2.0611
1760,0.2717,-0.6129,-9.7109,6.3282,-1.9618,2.3130
1780,0.4657,-0.6500,-9.5505,1.0000,-1.1374,0.2290
1800,0.6979,-0.6572,-10.0365,2.0916,2.2748,2.9237
1820,0.0706,-0.7338,-9.4320,4.0840,0.3664,4.5420
1840,0.0239,-0.8212,-9.4344,-4.4580,0.4427,-0.2748
1860,0.3795,-0.7362,-9.9815,-4.5649,4.1527,-1.1145
1880,0.3328,-0.7290,-9.6523,-4.1756,6.0611,-0.0458
1900,0.2885,-0.7159,-10.0090,-4.5115,-0.4504,-1.1298
1920,0.2885,-0.5471,-10.2089,-2.0611,1.3359,-1.8168
1940,0.7614,-0.4968,-10.2113,-2.6183,2.9160,-0.0687
1960,0.4908,-0.5842,-10.2029,1.3740,-2.3282,1.5878
1980,0.3184,-0.6165,-9.7708,2.1603,-1.5802,1.4809
2000,0.2921,-0.6165,-9.5661,-1.3130,3.8931,1.5573
2020,0.3101,-0.6728,-9.6559,-3.4885,5.3206,1.3435
2040,0.4417,-0.6369,-9.7433,-4.2824,1.6870,1.5878
2060,0.2394,-0.7422,-9.7409,-4.4656,2.3206,1.3893
2080,0.7685,-0.6692,-9.9563,-6.2824,5.4351,1.5802
2100,0.6991,-0.6692,-10.3777,-4.0916,4.8931,2.6565
2120,1.4198,-0.6548,-10.0665,-3.7710,6.0916,3.5878
2140,1.4305,-0.8440,-10.5477,-1.9389,4.8473,8.9466
2160,1.3348,-0.7302,-10.1060,-0.1298,7.2061,10.3893
2180,1.3623,-0.6788,-10.6291,-3.4885,12.6870,16.9771
2200,0.7805,-0.8033,-10.5800,3.4198,12.3740,19.1221
2220,0.4633,-0.8871,-10.3023,4.6794,11.1450,13.7557
2240,1.0547,-0.7673,-10.8338,6.3511,6.2595,9.4733
2260,1.0331,-0.7973,-10.1802,13.0992,-3.0076,10.6336
2280,1.0487,-0.6847,-9.5170,4.8168,7.7405,8.0611
2300,1.2163,-0.6560,-10.3562,-5.2595,27.9008,7.9237
2320,1.5036,-0.3950,-10.6255,4.6336,24.1756,9.9466
2340,0.9816,-0.4154,-9.9288,1.3969,13.9389,14.0229
2360,0.4776,-0.5938,-11.3426,-4.6183,14.7786,15.5878
2380,0.0060,-1.0798,-11.7640,8.9771,0.8473,15.6565
2400,-0.9373,-1.3192,-10.3167,13.7939,-5.1221,13.0305
2420,-1.3156,-1.2941,-10.6435,3.2214,4.0763,2.4962
2440,-0.7973,-1.2797,-11.0254,6.6565,14.8855,-4.0916
2460,-0.4310,-1.2869,-10.1263,10.2443,10.1374,-8.0992
2480,0.1233,-0.9744,-10.2604,11.5496,-0.9847,-11.6412
2500,0.7446,-0.8715,-9.9982,21.2366,-22.9084,-10.5191
2520,0.4968,-1.1684,-8.5366,22.1756,-37.8779,-6.4351
2540,-0.3938,-1.2857,-7.6627,8.2443,-31.3130,-6.6565
2560,-0.7003,-1.0499,-8.9532,-4.6489,-40.9771,-11.8702
2580,0.5315,-0.9158,-10.0569,1.2824,-40.6107,-10.1298
2600,-0.1089,-0.7925,-9.8139,10.8855,-39.6794,1.9008
2620,-1.1576,-0.9242,-8.8957,17.3435,-62.3893,6.1069
2640,-1.8615,-1.4150,-8.5821,10.6489,-47.8550,3.6107
2660,-2.1500,-1.3479,-8.5749,1.4427,-23.4809,-3.2290
2680,-0.6381,-0.9804,-8.6910,-5.9542,-40.9008,-3.8168
2700,-1.5299,-0.9876,-8.7904,-10.7863,-43.7786,2.2366
2720,-2.3080,-1.3527,-8.9137,-15.8931,-23.0992,-6.2061
2740,-1.8735,-1.2031,-9.0334,-19.9771,2.1298,-15.0458
2760,-0.9804,-0.8045,-9.0825,-23.0153,5.8397,-19.4962
2780,-0.7542,-0.6967,-9.7947,-20.0382,-14.3893,-16.4122
2800,-1.0307,-0.5626,-9.6367,-10.6412,-19.9008,-12.5115
2820,-1.6484,-0.5243,-8.8789,-12.7328,-8.1298,-11.5573
2840,-1.0989,-0.6428,-9.4140,-14.9542,1.7252,-13.8550
2860,-1.1792,-0.4322,-8.8454,-9.0305,-3.8473,-13.0687
2880,-0.7685,-0.1197,-8.3163,-16.5267,-0.5115,-11.1527
2900,-0.4465,-0.4717,-9.4260,-20.3282,0.4198,-5.8397
2920,-0.9852,-0.3077,-9.7421,-13.8855,7.0916,-0.4275
2940,-1.8579,-0.0766,-10.1826,-4.8931,-3.0534,-7.5344
2960,-0.4717,-0.1257,-9.8941,9.9847,-17.3130,-11.4122
2980,-0.7374,-0.4681,-8.2804,16.8321,-12.9542,-6.7023
3000,-1.2977,-0.2502,-8.2038,3.3588,5.0229,-10.9237
3020,-0.2873,-0.5950,-8.8550,-1.0076,20.1603,-12.3053
3040,-0.6776,-0.6021,-8.8777,0.0458,20.0916,-10.4962
3060,-0.6752,-0.3041,-9.1591,-0.9237,-2.4580,-10.4198
3080,-0.6309,-0.8069,-9.7732,-3.2901,-12.1298,-5.5802
3100,-1.3982,-1.0139,-8.9196,-15.4122,24.4962,-1.2214
3120,-2.4409,-0.8595,-9.3530,-40.2519,67.0840,-6.9924
3140,-2.2051,-0.4956,-11.9040,-37.6412,73.6641,-19.6718
3160,-0.3436,-0.7805,-10.5130,-25.8550,81.0382,-29.1221
3180,1.0259,-0.5291,-8.4647,-44.1450,138.5038,-15.3206
3200,1.2749,-0.2059,-11.4779,-39.7710,51.6947,-10.8626
3220,1.0714,0.0048,-12.2596,-2.5344,-14.4885,-7.4809
3240,1.2594,0.0826,-9.1124,-10.9695,43.8015,-5.3053
3260,1.8591,0.3771,-10.6291,-44.1985,86.7176,4.9160
3280,1.5431,0.4980,-13.5441,-13.1221,23.8702,1.6870
3300,2.4948,0.9373,-11.7496,23.5573,4.9389,0.4733
3320,2.1775,0.6512,-9.8929,13.8931,63.9771,17.8397
3340,1.5000,-0.3986,-10.4974,-14.8321,97.4046,27.4733
3360,1.5191,-0.1640,-12.9479,1.9160,28.4962,17.5573
3380,2.8084,0.1580,-10.1467,20.7557,16.3740,20.6489
3400,2.8922,0.0958,-7.6806,0.3588,44.2595,28.9160
3420,2.6719,0.2729,-9.0585,-15.8473,31.5191,34.9924
3440,1.1588,-0.1209,-9.4081,-14.7634,21.4046,35.9160
3460,1.4976,0.0634,-10.4819,-6.7099,22.1985,25.4122
3480,1.9513,-0.0132,-10.5812,8.0305,-2.8855,25.8931
3500,1.5526,-0.3196,-10.2808,20.8931,-24.9237,28.6718
3520,1.1384,-0.5998,-8.7736,14.2443,-5.7863,24.4885
3540,1.4102,-0.5986,-9.0980,-1.9771,1.7634,20.3588
3560,1.2450,-0.6105,-10.6543,0.3359,-5.7176,16.9008
3580,1.3180,-0.5112,-10.4136,11.8168,-5.5115,13.0458
3600,1.4736,-0.5375,-9.3997,8.3969,-1.3817,12.2443
3620,1.2737,-0.5339,-9.7133,1.4198,3.5191,10.1908
3640,0.9984,-0.6117,-10.6136,1.8244,4.5344,6.6794
0,1.0020,-0.8811,-10.7141,4.5344,0.8244,2.5954
20,0.8823,-0.9218,-10.2460,10.5496,-3.3740,5.0076
40,0.4597,-0.9768,-9.5721,10.1832,-3.4046,6.6641
60,0.1616,-1.0930,-9.1052,5.4656,1.5191,5.6565
80,0.3160,-1.1899,-9.4320,-1.5496,2.2977,3.2061
100,0.3124,-1.1732,-9.9432,-2.6183,1.4809,1.1069
120,0.5291,-1.1935,-9.9180,-0.2137,1.3359,2.2137
140,0.4645,-1.1504,-9.5816,0.9389,4.1221,2.3664
160,1.1133,-0.9613,-9.6607,-4.3053,5.3588,4.9160
180,0.8954,-1.1684,-9.8678,-3.4885,4.3664,11.6718
200,0.2418,-1.2127,-10.0856,0.6260,1.6947,9.9466
220,0.1628,-1.0654,-9.7241,1.4809,0.1756,6.5344
240,0.3400,-1.0068,-9.6714,-2.2901,6.0840,6.7863
260,1.0702,-1.0930,-9.7624,-5.2061,7.7176,8.2366
280,1.2294,-1.1636,-9.8330,-5.6183,4.0992,11.9008
300,0.6057,-1.0151,-10.1479,-2.2519,1.9695,12.7405
320,0.4010,-1.1923,-10.4220,-4.4275,1.8168,9.8473
340,0.8248,-1.3970,-9.8594,-1.4656,14.3282,12.7405
360,0.2071,-1.1181,-9.5278,-8.6947,14.1679,9.2290
380,0.2957,-0.6476,-11.7963,-6.2824,-24.7557,8.2672
400,0.7877,-0.8308,-13.0940,24.3053,-59.5115,12.4809
420,1.1492,-1.4521,-9.8630,34.2137,-14.0000,24.4046
440,0.1879,-1.9309,-8.3797,2.3969,43.7481,29.1985
460,-0.5076,-2.1057,-9.8785,-11.2137,27.9847,27.2824
480,-1.2665,-2.0411,-11.1080,3.8550,-9.6641,18.0382
500,-1.0618,-1.7322,-10.6674,23.4962,-24.5344,3.2366
520,0.0467,-1.3503,-9.4272,28.0611,-27.1374,-4.6718
540,0.6141,-1.1504,-9.2644,17.4809,-31.7023,-0.4427
560,-0.4381,-1.1947,-10.2652,8.9695,-26.0076,1.1985
580,-0.3101,-1.2857,-9.6810,11.7176,0.9160,-2.4351
600,-0.0790,-1.0989,-9.1243,1.1603,-0.8015,-3.6183
620,0.0407,-1.2570,-9.7995,-2.3893,-13.6489,1.6641
640,-0.7171,-1.3432,-10.0437,-3.0076,-5.0000,2.0992
660,-0.6620,-1.3360,-10.5489,-6.4962,6.6870,-1.3130
680,-0.1939,-1.2222,-10.9607,1.4809,-1.7557,2.6718
700,-0.9948,-1.4030,-9.9958,12.8626,-16.8626,11.6870
720,-1.4150,-1.5263,-8.8047,12.5344,-26.2137,18.4427
740,-1.9405,-1.9369,-9.1878,3.8855,-26.8473,20.9542
760,-2.4768,-2.1177,-9.2596,4.2061,-11.4046,16.4809
780,-2.5379,-2.1871,-8.5270,0.8015,0.4427,5.2214
800,-1.5239,-1.8878,-8.5976,-7.4962,-2.9084,-8.6260
820,0.3340,-1.7741,-8.9496,-14.9008,-9.2824,-5.2214
840,-0.1520,-1.7609,-9.6822,-13.3359,-2.9313,5.0687
860,-1.4665,-1.8519,-9.5661,-10.7176,3.7786,4.4427
880,-1.4222,-1.8268,-9.8965,-1.7252,-9.0458,-8.0229
900,-0.5160,-1.3384,-8.9017,4.0458,-32.8168,-11.6947
920,-0.7039,-1.2965,-8.7137,-6.5649,-20.6031,-0.6412
940,-1.4700,-1.2749,-10.2951,-9.3435,1.5649,2.1527
960,-2.2398,-1.2139,-9.7301,1.7023,1.2366,-2.6336
980,-1.4401,-1.3408,-8.5916,-3.3588,-5.8092,-8.0305
1000,-1.3958,-1.4030,-9.0968,-11.4962,-7.9771,-3.6260
1020,-2.0315,-1.3827,-10.0330,-7.5420,-14.5573,-4.6260
1040,-2.4098,-1.5371,-9.2764,-7.5038,0.0229,-10.2901
1060,-1.7550,-1.1720,-9.4152,-10.6947,-0.3130,-18.4809
1080,-0.5483,-0.5315,-8.8789,-11.3130,-12.3206,-14.7023
1100,-1.2941,-1.1277,-9.5757,-18.1603,-7.2595,3.4809
1120,-2.5642,-1.4018,-10.3873,-8.4046,4.2519,0.1832
1140,-2.6935,-1.2737,-9.3362,-1.2824,6.1145,-13.7023
1160,-1.2773,-0.9397,-8.7939,-3.9924,-1.7481,-22.9237
1180,-0.6285,-0.8631,-9.0094,-6.8092,-11.1527,-18.6718
1200,-0.9302,-0.6704,-8.8251,-8.8779,-0.5420,-15.1145
1220,-0.5770,-1.0451,-9.0884,-12.5878,15.7023,-10.6183
1240,-0.9230,-0.8631,-8.9520,-8.2672,10.9618,-9.0229
1260,-1.0582,-0.5219,-8.6240,-11.9313,0.2214,-14.8626
1280,-0.0467,-0.9397,-9.5350,-13.5573,3.5344,-14.3053
1300,-0.8835,-0.7278,-9.6355,-5.7023,2.8702,-5.6183
1320,-0.2286,-1.0846,-10.4771,1.6183,14.7252,-5.3359
1340,-0.1113,-1.2773,-9.1722,1.5496,22.8092,1.6489
1360,-0.9014,-1.0044,-9.3135,-11.7481,12.7710,4.1221
1380,-0.5471,-1.4808,-9.8259,-18.9771,8.4656,3.7939
1400,-0.7135,-1.3252,-10.6255,-24.1374,33.0992,9.0687
1420,-1.9082,-1.0894,-10.3777,-24.1908,44.5115,7.0382
1440,-0.5052,-1.0606,-9.9767,-30.8473,34.0153,-3.5954
1460,2.0782,-0.4800,-9.5122,-37.4198,22.0382,9.1450
1480,1.5431,-0.2693,-9.7576,-50.5115,44.4885,38.6718
1500,-0.8990,-0.5136,-11.5054,-53.6489,80.7710,40.8168
1520,-0.8643,-0.1688,-12.9958,-27.6794,50.6183,23.3359
1540,0.2227,0.0359,-11.8202,1.2366,21.3053,12.0763
1560,0.7757,-0.0227,-9.5912,7.5115,22.7939,11.9084
1580,0.7422,0.1712,-8.7137,-8.3359,56.4275,14.1908
1600,1.0894,0.1041,-10.3418,-17.2137,51.1069,16.5802
1620,0.4477,-0.0024,-10.8218,-0.0916,22.4962,21.5191
1640,-0.3867,-0.1173,-9.4512,8.3817,23.5802,15.8931
1660,1.4317,-0.1712,-9.4943,-4.8626,32.9313,8.4198
1680,1.4174,0.0503,-9.9300,-10.4580,8.2672,22.4580
1700,0.2179,-0.2705,-11.3186,-11.9771,-0.5191,22.1069
1720,0.9278,-0.4130,-12.0417,-1.9008,16.4275,13.1527
1740,1.6317,-0.3268,-11.7293,14.6641,20.5038,14.8321
1760,1.3096,-0.2382,-10.4723,21.7481,9.9771,16.9618
1780,1.3827,-0.4573,-10.4280,13.3740,0.6870,13.8244
1800,1.4413,-0.4106,-10.9200,14.0534,5.6718,12.3435
1820,0.8655,-0.2382,-10.2365,14.7710,9.0305,12.5115
1840,0.4788,-0.4561,-10.5633,6.3893,2.8779,7.7405
1860,0.8009,-0.3639,-10.7033,7.5878,4.6031,2.1221
1880,1.4078,-0.1820,-10.4651,7.2595,9.5954,2.6260
1900,1.4054,-0.1700,-10.8602,10.6947,8.0916,7.9008
1920,0.7219,-0.4130,-10.4124,17.8702,1.6565,7.9695
1940,0.3783,-0.4956,-9.7875,16.8168,-0.6947,2.8244
1960,0.8559,-0.5471,-9.4907,10.7023,6.3740,-0.4733
1980,1.0774,-0.5614,-9.4129,7.0000,8.0305,-0.3359
2000,1.2486,-0.5004,-9.8893,6.0687,10.3130,0.2901
2020,1.0846,-0.6201,-9.7002,10.6947,1.2366,3.1603
2040,0.2227,-0.8045,-9.0836,14.2366,0.9542,5.1908
2060,-0.0180,-0.9553,-8.4576,12.7481,8.9160,0.8473
2080,0.4549,-1.1085,-8.5306,4.1603,12.8244,-2.6718
2100,0.4573,-0.8069,-9.4871,3.6870,0.8168,-6.2595
2120,1.1911,-0.9014,-9.6068,10.9847,-25.0153,-8.8779
2140,0.9409,-0.7350,-8.8909,11.3893,-29.7099,-7.6641
2160,0.9230,-0.6369,-9.5493,-1.5191,-7.5344,-7.6412
2180,1.2857,-0.6440,-10.8087,0.2977,-1.2977,-1.4809
2200,0.1784,-0.7650,-10.0497,8.8779,-4.3359,3.3053
2220,-0.6213,-0.7542,-9.3889,4.3053,-11.9160,-8.0992
2240,0.6788,-0.6081,-9.5385,-0.8779,-18.3893,-15.2290
2260,1.0331,-0.3950,-9.5721,-0.9847,-10.7176,-5.8473
2280,0.2514,-0.6033,-10.0820,-1.6031,2.3130,2.1527
2300,-0.4561,-0.8990,-10.0677,2.8321,5.7710,-6.7481
2320,0.1844,-0.7626,-9.8917,16.2977,-15.9542,-16.6336
2340,0.9206,-0.8057,-8.1930,19.0382,-24.6947,-17.3053
2360,0.9816,-0.9493,-7.7525,2.4122,-9.3359,-11.8855
2380,0.1077,-1.0092,-8.8107,-11.6031,-0.0687,-10.5344
2400,0.0539,-1.0307,-10.0868,-10.6260,10.2519,-13.1832
2420,0.0551,-1.0918,-9.7181,-2.5115,10.6031,-16.2443
2440,0.4956,-0.5399,-8.9376,-5.0229,0.7176,-17.5344
2460,0.4788,-0.5926,-9.7588,-10.9237,2.8855,-13.8015
2480,0.9266,-0.1927,-10.5956,3.8397,5.5649,-7.8168
2500,0.6333,-0.7661,-10.0521,27.4580,-21.7634,-3.6565
2520,0.5782,-1.8519,-7.5142,34.7252,-22.5954,-3.0000
2540,-0.6261,-1.5742,-6.3806,5.3359,-7.2595,-10.2901
2560,0.2107,-1.3001,-8.6683,-28.2824,3.9313,-26.3206
2580,1.6544,-1.0463,-10.8230,-24.3893,7.3359,-25.9237
2600,1.2115,-0.6776,-11.0948,-10.9466,-7.1145,-16.2214
2620,0.7075,-0.6704,-10.1970,-5.7099,1.4427,-12.8626
2640,0.8296,-1.2929,-9.1662,-11.4885,24.9008,-11.4504
2660,0.3065,-1.2294,-9.7528,-13.2519,26.2977,-13.7405
2680,0.6153,-1.2845,-10.4543,0.7252,15.1527,-21.2595
2700,1.0630,-1.3827,-8.7305,6.5954,26.0305,-21.0763
2720,0.9565,-0.9529,-8.7700,-15.8779,61.9389,-26.8092
2740,1.9405,-0.5471,-10.9547,-18.8626,53.3664,-32.7252
2760,3.5961,-0.1784,-11.1522,4.7557,-18.5878,-23.7176
2780,3.2873,-0.0144,-10.0270,5.4580,-17.1832,-1.5420
2800,1.9704,-0.2370,-9.1686,-5.6107,22.4275,8.0382
2820,1.8052,-0.6596,-8.3929,-25.4733,43.1221,5.7557
2840,1.7430,-0.3699,-10.1922,-35.0840,26.6870,1.8550
2860,2.8743,-0.3843,-12.0549,-9.1908,-21.9924,5.7328
2880,2.0710,-0.6225,-9.4955,9.1756,-29.1832,16.3664
2900,0.9110,-0.7769,-8.5797,-11.9542,4.7863,14.6718
2920,0.3484,-1.2318,-10.8997,-20.1450,3.4122,7.8321
2940,0.5626,-1.2713,-11.0720,4.0840,-7.7710,0.9695
2960,1.8483,-0.8535,-8.5198,0.3359,12.0840,-5.3740
2980,3.1927,-0.1748,-8.8239,-25.9466,46.6260,0.7939
3000,1.2582,-0.7614,-11.2169,-37.6870,25.3969,21.0153
3020,-0.2310,-1.0032,-13.6937,-24.0534,9.8321,8.9771
3040,1.1456,-0.5315,-11.6921,6.8244,26.2290,-3.0076
3060,2.2793,-0.1736,-9.3650,4.8931,26.9695,-1.2366
3080,2.4397,0.1197,-8.1535,-12.5115,24.2977,2.5802
3100,2.4577,0.4190,-10.5333,-17.9389,8.1985,5.3359
3120,2.5846,-0.0730,-10.5405,7.9389,-0.3740,15.3359
3140,1.0714,-0.3232,-7.4664,3.8244,18.7786,9.5038
3160,2.2338,-0.2765,-7.4676,-33.7557,52.8779,-8.1756
3180,3.6021,0.1341,-11.7209,-24.7557,9.7786,-5.9618
3200,3.6823,0.1341,-11.9471,25.4122,-69.4427,8.2595
3220,3.1149,-0.2179,-7.7800,21.6412,-12.0153,16.9008
3240,2.2278,-0.0946,-7.8339,-19.3053,45.4122,14.7176
3260,2.7366,-0.0611,-11.5293,-27.7557,17.0153,10.6336
3280,3.2286,-0.1915,-11.7915,4.1985,-4.3893,18.3206
3300,2.6372,-0.1185,-10.1251,14.6412,5.9924,24.5038
3320,1.8040,-0.2251,-9.8606,15.4809,-0.1756,27.2137
3340,0.8930,-0.6021,-10.5405,20.1527,-22.1145,22.9771
3360,0.6345,-0.4381,-11.0086,28.4351,-39.9924,16.3740
3380,1.2522,-0.7314,-10.7153,30.4046,-18.5954,11.0840
3400,1.2582,-1.2139,-9.5972,15.5725,6.7634,8.9084
3420,1.2486,-1.1815,-9.4236,-3.5267,29.5802,3.2672
3440,1.9417,-1.0187,-11.2372,-11.7023,32.3588,1.7939
3460,1.2701,-1.0762,-12.1889,6.9695,15.6718,7.0534
3480,0.7865,-0.9792,-10.5908,17.4046,1.5420,3.5725
3500,1.0618,-0.8176,-10.1036,8.4962,6.9618,-2.1603
3520,0.9230,-0.7685,-10.1503,5.8092,-9.2824,-2.6870
3540,0.4788,-0.5698,-9.9875,8.5496,-5.0382,-5.4198
3560,0.2729,-0.5148,-8.0781,-1.6183,12.6641,-12.4046
3580,1.6281,-0.2239,-8.3738,-13.5267,23.2977,-12.7252
3600,1.5024,-0.1951,-8.3355,-16.2672,3.4198,-3.2519
3620,0.3005,-0.3292,-9.0142,-17.1069,-9.4656,-6.0534
3640,1.0582,-0.1772,-9.2632,-8.6947,2.3130,-17.6718
3660,2.1476,-0.1233,-8.8873,2.9466,-4.9389,-14.4427
3680,1.2306,-0.1748,-7.3706,4.4504,-13.8931,-6.6260
3700,0.9290,-0.2095,-8.8730,-1.9847,-13.4733,-14.7481
3720,2.8276,-0.2263,-9.0250,12.4504,-5.2214,-14.1908
3740,2.4277,0.0287,-7.4185,14.6947,-16.0229,-3.6641
3760,1.3827,-0.1484,-8.3989,-0.9237,-27.0382,-6.0687
3780,1.6867,-0.4405,-10.0270,-1.4809,-13.8321,-11.0763
3800,1.8471,-0.2729,-10.0497,4.2748,-7.7252,-11.1832
3820,2.2577,-0.1508,-10.5764,12.8473,-10.4885,-5.0534
3840,1.7322,-0.3376,-10.2915,23.9924,-30.6870,4.1603
3860,0.2837,-0.7063,-8.9639,26.6260,-27.3817,4.2519
3880,0.1879,-0.5447,-8.8514,12.7252,-10.6031,-3.6412
3900,1.4485,-1.2618,-9.6331,10.7328,-6.7863,-4.6565
3920,0.9709,-1.2773,-8.3570,8.0840,-18.5878,-2.6489
3940,0.4334,-0.9948,-9.4787,-12.0916,-40.1374,-10.4656
3960,0.9804,-1.3755,-9.5146,-2.9389,-17.5496,-11.1298
3980,0.7853,-1.0702,-8.3355,-11.1985,0.9389,-9.7328
4000,0.9529,-0.7578,-9.3422,-27.5267,20.1221,-10.6412
4020,1.7945,-0.8643,-11.0026,-13.8321,-8.8550,-9.0534
4040,1.5874,-1.0654,-9.1854,5.3053,-7.9313,-1.0763
4060,0.8140,-0.8069,-7.5753,-14.2901,30.4275,-6.5038
4080,2.3356,-0.7350,-9.3446,-33.4427,50.6336,-12.7634
4100,2.1967,-0.6883,-10.3562,-27.6107,29.9313,-7.2824
4120,2.3583,-0.3735,-11.3546,-20.4962,34.7634,-3.4427
4140,2.2613,-0.4896,-10.6866,-14.5954,53.6870,3.6412
4160,1.4102,-0.5698,-9.5697,-22.8702,69.7939,2.5573
4180,2.5115,-0.3017,-11.4216,-23.6641,59.2061,-5.2061
4200,3.9301,-0.2011,-10.7129,-3.9313,22.1908,0.7863
4220,3.9038,0.0587,-8.4659,-12.5725,19.7786,12.3893
4240,3.4572,0.1281,-9.3039,-27.7328,61.2977,23.0382
4260,2.8958,-0.1844,-11.6060,-22.9084,50.1832,28.8626
4280,2.3798,-0.2334,-11.4192,0.1603,19.5038,26.3664
4300,2.3834,-0.4693,-9.7923,7.2672,2.2824,20.4198
4320,2.1739,-0.2741,-9.5481,0.5725,7.5420,12.0916
4340,2.8371,-0.3927,-9.0597,-8.8168,15.9924,5.7557
4360,3.6655,-0.4058,-10.7548,-8.5038,10.4809,5.3206
4380,3.5183,-0.3184,-10.5453,11.5878,-14.0229,13.2824
4400,2.6276,-0.3723,-9.0633,11.1450,-23.7099,15.0382
4420,2.1799,-0.4058,-9.7959,0.7176,-9.0992,8.6565
4440,2.6684,-0.3843,-10.4986,-0.5649,-0.2519,5.4656
4460,2.3463,-0.4118,-10.7620,3.4046,-5.5649,9.1679
4480,1.9740,-0.4417,-10.7201,7.9237,-14.2595,6.4580
4500,1.8902,-0.3783,-10.6842,6.1298,-12.3740,2.8321
4520,2.4349,-0.3915,-11.6862,9.5344,-9.1756,2.5954
4540,2.1476,-0.4549,-11.1319,25.0229,-8.7252,6.0305
4560,1.4138,-0.5746,-9.7253,17.1145,-5.7023,2.3817
4580,1.9022,-0.3723,-10.5657,4.8626,13.6947,-6.6260
4600,2.4708,-0.4657,-11.2265,11.1908,20.7786,-3.2901
4620,2.4996,-0.5339,-10.4280,25.3130,-4.1679,0.6107
4640,2.5486,-0.6333,-9.3686,23.1221,-26.5496,0.3893
4660,2.2350,-0.7266,-8.7066,14.5344,-24.1374,1.0458
4680,1.5131,-0.7757,-9.0789,11.7557,-44.2214,2.8092
4700,0.4681,-0.8966,-8.7042,17.9847,-44.8855,0.8473
4720,0.4393,-1.1349,-8.0350,10.0992,-1.9466,-2.9466
4740,0.2550,-0.7937,-8.0673,-13.7863,23.8855,-10.6183
4760,0.6776,-0.9254,-9.2405,-23.2519,23.1832,-15.1145
4780,0.8835,-0.6608,-10.0425,-10.8397,-3.1527,-17.2824
4800,1.1025,-0.3041,-9.2405,2.9160,-21.0000,-17.8244
4820,0.9709,-0.5052,-7.9404,0.1908,-15.2595,-15.8550
4840,0.7350,-0.4226,-8.3534,-8.4962,-6.1756,-16.6336
4860,1.1492,-0.3663,-8.5557,-9.1450,-11.2672,-19.9466
4880,1.5155,-0.3340,-9.0896,-5.2901,-12.9008,-17.7710
4900,1.0786,-0.1652,-8.5090,-3.7634,-17.2214,-17.4885
4920,1.1121,-0.0419,-8.8335,-5.6336,-15.9084,-21.6183
4940,2.0710,-0.3172,-9.0561,-2.6718,-11.8168,-21.3206
4960,2.4636,-0.0347,-9.1974,2.3206,-16.3435,-15.7328
4980,2.3188,-0.0467,-9.0226,7.6336,-29.2214,-10.4885
5000,2.4349,-0.1401,-9.2405,10.5802,-28.4351,-5.5878
5020,1.9297,-0.0970,-8.0625,8.4809,9.7557,1.7710
5040,0.9984,-0.4202,-8.4492,-7.5420,16.8015,2.3664
5060,0.7673,-0.5962,-9.6642,-5.1908,-7.8855,-3.3817
5080,0.9972,-0.4549,-10.8566,6.8779,-26.0458,-11.4351
5100,1.0750,-0.6955,-10.6471,22.2061,3.3435,-12.1145
5120,0.7278,-0.8440,-8.4408,18.6870,20.1679,-13.9771
5140,1.6448,-0.8140,-8.2708,-4.5344,28.9924,-19.4275
5160,1.7358,-1.0870,-9.7265,-20.9160,47.1756,-15.8244
5180,2.2027,-0.7745,-9.8091,-26.5344,77.9313,-14.6183
5200,3.1544,-0.6584,-11.0625,-27.1221,59.3817,-9.6336
5220,4.0450,-0.8547,-11.5712,-16.9618,32.3588,2.1679
5240,3.7422,-0.4130,-10.5250,-10.4656,30.9618,12.9466
5260,4.7561,-0.1568,-10.7165,-18.2824,37.9084,23.6107
5280,4.7597,-0.3639,-10.6674,-10.0916,34.7252,41.9771
5300,2.7414,-0.3950,-10.9320,-11.3664,34.5802,43.2366
5320,3.4620,-0.3112,-11.4563,3.2366,39.4504,42.5954
5340,2.8838,-0.7985,-10.6303,20.6260,8.8321,50.3969
5360,1.7753,-1.1229,-9.6583,24.4580,-12.2366,44.7481
5380,1.5790,-1.3611,-9.3291,18.0000,-19.7481,36.2901
5400,1.0271,-1.4006,-8.9975,11.0382,-13.1221,27.8015
0,0.6476,-0.5662,-9.6008,-14.0153,9.7252,8.5725
20,1.4904,-0.5626,-10.8242,-6.5496,0.7786,0.6718
40,3.7661,-0.7362,-9.4488,-1.5344,1.2824,9.3282
60,2.5618,-0.6728,-8.8969,-0.0153,20.8092,27.9847
80,0.9948,-0.7997,-11.3797,0.3893,1.5267,12.5115
100,3.7661,-0.1460,-10.5573,3.3664,-34.6947,16.9695
120,4.7609,-0.5052,-7.9296,8.2366,-15.0534,35.6412
140,-0.2215,-0.3400,-10.0737,8.7939,-18.6870,20.9008
160,1.4305,-1.1037,-11.1427,1.4198,-36.6183,1.7328
180,1.6137,-0.5148,-9.7552,3.3817,-21.8779,18.8015
200,0.8583,-0.0670,-8.9508,-7.1298,15.5038,13.6336
220,2.2063,0.0287,-10.6782,-24.1221,22.5649,14.5038
240,0.2837,-0.6919,-13.1011,-4.7023,3.8550,21.8855
260,-0.5495,-0.9744,-11.7879,23.7023,-4.7099,7.5802
280,1.8124,-0.9074,-10.2329,25.8931,-11.1145,2.4427
300,1.4940,-1.0810,-10.0892,31.2214,-30.5496,10.6718
320,0.1556,-1.2701,-8.5533,26.3206,-22.2137,0.0687
340,2.2254,-1.1540,-7.5717,-3.2977,-10.4122,-3.0687
360,2.0147,-0.9732,-8.4552,-25.7710,-16.9847,6.3893
380,-0.6357,-0.5626,-10.5525,-32.6947,-34.5191,-9.6870
400,1.8040,-0.0455,-12.3637,-22.6183,-2.9237,-18.4656
420,3.2657,-0.0910,-11.6263,-0.5115,4.2672,3.5725
440,-0.0790,-0.6883,-9.9013,9.1756,3.4809,20.7405
460,-1.5287,-0.6656,-10.0545,-0.0534,5.6031,4.8702
480,0.2310,-0.7063,-10.9440,4.3740,6.8779,-4.6336
500,1.4317,-0.6620,-9.8845,14.7710,2.7176,4.4198
520,-0.4058,-0.6488,-9.6463,16.5038,-11.4122,7.3511
540,-0.4860,-0.9254,-9.3267,21.0534,-11.5267,-3.5191
560,0.5243,-1.2258,-7.9428,19.5496,1.0534,-5.0382
580,0.3041,-1.2115,-7.5849,9.5496,-1.0687,-3.0229
600,-0.7099,-1.2558,-7.7154,-2.6183,2.1985,-11.3435
620,0.7266,-1.1887,-8.5234,-12.4046,11.4885,-17.7405
640,1.6436,-1.0547,-8.6108,-14.4275,16.9771,-9.5267
660,0.5255,-0.7590,-8.5318,-16.4046,13.1527,-5.3435
680,0.1652,-0.8906,-9.4943,-19.0076,-3.7710,-14.6947
700,0.7314,-0.9290,-9.5469,-16.0840,-6.7557,-18.1374
720,1.8842,-0.4705,-10.3107,-19.3206,13.4733,-7.0916
740,0.7410,-0.5890,-11.3905,-8.2824,22.7481,5.6107
760,-0.0958,-0.6321,-10.4436,9.7634,-6.1145,-3.8473
780,1.1636,-0.5160,-9.4835,12.2977,-16.0305,-10.8855
800,1.3001,-0.6416,-9.6032,10.6794,3.0076,-4.0687
820,1.3348,-0.4058,-8.7664,4.8168,16.1145,0.4427
840,1.1995,-0.9732,-8.6515,-5.3053,13.4809,1.2366
860,0.7973,-0.9218,-9.0178,-9.4885,6.7939,-1.3588
880,1.2558,-0.5267,-9.6978,-10.3511,12.6718,-4.3817
900,1.3168,-0.6728,-9.9013,-2.4351,4.0687,0.2366
920,0.3268,-0.6859,-9.4595,4.1908,-6.1450,0.5878
940,0.4501,-0.8152,-8.6850,3.8473,0.0992,-5.5954
960,1.3491,-0.8535,-8.0326,-4.9237,7.7252,-6.2290
980,1.3683,-0.4609,-8.3414,-20.9237,19.6641,-3.0992
1000,1.1444,-0.2466,-10.6339,-23.7328,9.4656,-5.0229
1020,1.6317,-0.1772,-11.2528,-3.2443,-3.0534,-6.8779
1040,1.2725,-0.3591,-10.0880,6.1298,-2.6412,-2.0229
1060,0.2011,-0.7123,-9.2369,-0.8779,15.8168,-2.3053
1080,1.6448,-0.4812,-9.0537,-16.2977,27.8473,-9.6794
1100,1.6795,-0.5567,-10.5537,-17.6870,20.4198,-2.7481
1120,1.0056,-0.5160,-10.3801,-5.3740,5.9542,-6.3817
1140,2.2422,-0.3747,-9.4488,-6.0992,10.8931,-3.5802
1160,1.4401,-0.5195,-10.0353,-9.9389,23.8779,2.9695
1180,1.5670,-0.4034,-9.8989,-9.7176,14.6031,0.8244
1200,1.7933,-0.7494,-10.2257,-16.2595,11.1985,6.3893
1220,2.2949,-0.1484,-11.6538,-2.7405,13.6718,7.9237
1240,1.9238,-0.1484,-9.8522,7.3435,12.9237,9.6641
1260,2.3535,-0.3424,-9.0645,-3.8550,17.3206,11.2214
1280,2.0243,-0.0754,-10.5824,-1.8626,5.3435,10.1221
1300,1.8723,-0.2263,-9.7923,10.9160,-15.2901,6.9771
1320,2.0087,-0.2849,-9.1914,3.9084,3.5115,4.4198
1340,2.6576,-0.0778,-9.4703,-6.3588,20.7405,12.1832
1360,1.9178,-0.3124,-10.2712,0.5496,7.7710,15.2290
1380,1.9980,-0.4669,-9.5433,5.3511,4.7634,13.5420
1400,2.2637,-0.4812,-9.1459,-4.1603,24.4198,15.8702
1420,2.0375,-0.5327,-10.0689,-5.4122,8.1145,15.0000
1440,1.6652,-0.6177,-10.1682,-3.7939,-3.8397,10.5267
1460,2.0686,-0.8404,-9.9743,-3.5344,5.5115,10.8931
1480,1.6592,-0.7566,-9.8713,-7.6870,9.7176,9.8168
1500,2.1608,-0.7015,-10.8075,-7.5344,-6.3053,7.5115
1520,1.5993,-0.6153,-11.0720,0.9084,-0.7023,8.7252
1540,1.4293,-0.6177,-10.8123,5.1221,5.1985,10.3130
1560,1.0008,-0.7231,-10.4974,10.0153,-2.7710,8.0305
1580,0.7925,-0.8643,-9.9946,9.2290,-2.7176,0.3664
1600,1.0894,-0.7853,-9.6080,2.3588,4.8092,-1.7099
1620,1.5395,-0.5962,-10.5896,-0.8015,11.7557,-1.4580
1640,1.4641,-0.4477,-10.7321,7.4198,6.9924,-3.4275
1660,2.1129,-0.6069,-9.7600,11.1527,7.1221,-0.7405
1680,1.7250,-0.5327,-8.8801,6.5573,6.4275,0.8779
1700,1.4844,-0.5040,-8.7006,-6.8473,14.1069,-4.9771
1720,2.5008,-0.2993,-9.6104,-14.7481,18.2137,-7.8397
1740,2.4756,-0.2430,-10.2365,-6.1527,11.6565,-6.6565
1760,2.6492,-0.0634,-9.4368,-2.9695,10.5878,-5.3282
1780,3.0514,-0.4190,-9.5517,-2.6489,12.7634,0.3282
1800,2.1943,-0.7147,-9.8594,1.9924,2.3588,5.5115
1820,1.5754,-0.3783,-10.2209,3.7939,-11.8931,1.1069
1840,1.7526,-0.3448,-9.9827,4.5420,-14.5420,0.9313
1860,0.9218,-0.2442,-10.1024,1.3588,-15.3969,2.9389
1880,0.5327,-0.3017,-10.2077,4.4504,-15.3893,-2.5191
1900,1.0116,-0.3795,-9.8666,2.1832,-5.7863,-5.7328
1920,1.0547,-0.2538,-9.5613,-1.6641,10.6489,-4.6489
1940,1.4090,-0.1688,-9.8175,-8.7786,7.2824,-5.7939
1960,1.4736,-0.1616,-11.1211,-0.4427,-0.3053,-4.8397
1980,1.2917,0.0407,-10.1072,10.2901,10.0458,-2.7252
2000,1.3683,-0.2191,-9.9324,3.8626,19.4351,-2.7557
2020,1.1923,-0.3029,-10.1838,9.0840,25.9313,-2.8626
2040,1.5383,-0.2909,-9.6283,5.8244,21.4427,-3.6947
2060,1.7430,-0.5375,-9.9863,8.4580,16.0916,-1.6947
2080,1.6484,-0.6021,-9.4212,16.8626,-9.9084,-4.9084
2100,1.9501,-0.9230,-8.2421,17.2290,-15.1527,-7.4198
2120,2.2865,-1.0570,-8.0529,3.2519,4.0000,-2.5344
2140,1.4066,-1.2234,-8.0086,-7.0458,12.2901,-2.2519
2160,1.2079,-1.1432,-8.7760,-14.2901,5.9924,-7.8931
2180,1.7430,-0.9290,-9.2620,-14.4351,4.1679,-12.1374
2200,1.8651,-0.8260,-9.2117,-13.5725,1.1145,-11.2290
2220,2.0363,-0.4980,-9.6535,-12.5115,-0.4351,-12.5420
2240,2.2458,-0.8595,-10.1359,-3.7252,0.5649,-5.8626
2260,1.4186,-0.7602,-9.9037,13.2748,-1.9389,0.1145
2280,0.7685,-1.2151,-9.0501,13.5802,-22.9008,-4.5038
2300,0.8487,-1.1780,-8.1224,5.0305,-10.7786,-12.3740
2320,1.1839,-0.5722,-8.3235,-18.6794,9.5496,-18.7786
2340,2.7162,-0.2610,-9.4464,-30.5420,17.6336,-17.1985
2360,2.6755,0.0419,-10.4687,-24.8702,18.5954,-10.2519
2380,2.1572,0.4764,-11.1283,-9.3664,2.6412,-8.3435
2400,2.6348,0.1915,-10.1862,7.6641,-3.2672,-6.2214
2420,2.3080,0.0108,-8.6335,9.7023,-5.9237,-1.2214
2440,1.4102,-0.1389,-8.8430,-0.6565,6.1756,0.3664
2460,1.7394,-0.6452,-9.0525,0.2443,11.1298,-3.6870
2480,1.8304,-0.3496,-8.9268,0.0611,3.8931,-4.8321
2500,2.3978,-0.2502,-9.3099,3.5878,-3.4122,-5.7099
2520,2.5439,-0.2945,-9.2680,6.6260,-0.7863,-3.1527
2540,2.7713,-0.1233,-8.9568,5.6336,0.2824,-0.1221
2560,2.6839,-0.2418,-9.2237,6.4733,-10.4733,2.9008
2580,2.0279,-0.5028,-9.3027,9.3969,-0.2824,6.1679
2600,2.1440,-0.3005,-9.1591,11.6336,4.8779,6.5267
2620,2.3715,-0.4010,-9.2919,10.1450,-0.4122,8.9618
2640,2.7007,-0.5495,-9.9815,16.6336,16.5038,13.8321
2660,3.4453,-0.8595,-8.1236,15.3588,52.6107,25.5878
2680,1.7298,-0.9062,-8.2864,-8.7939,31.5115,26.3817
2700,1.7023,-0.9325,-10.2353,-17.0992,-3.9008,8.5649
2720,2.3080,-0.7446,-10.6866,-10.5725,-8.2061,3.8779
2740,2.4457,-1.1337,-10.1048,-6.3053,2.2290,3.4504
2760,2.6576,-0.9313,-9.6786,-10.8626,4.9695,4.6794
2780,3.1376,-0.8906,-10.5968,-13.0611,-9.2901,7.3664
2800,2.6492,-0.8835,-10.6626,-4.1527,-6.5420,9.8321
2820,2.4589,-0.7506,-9.7852,-4.1298,9.7176,8.8397
2840,3.1161,-0.3927,-9.6966,-8.2366,5.7023,9.6489
2860,3.4309,-0.1963,-9.5385,-5.6260,3.3817,19.9542
2880,2.5774,-0.1544,-9.4152,-7.5802,22.6794,24.1527
2900,4.2880,-0.2071,-8.6551,-19.5878,24.2519,25.2977
2920,3.4752,-0.2993,-10.1958,-28.1145,22.7863,37.5573
2940,2.3822,-0.4310,-11.1606,-13.2901,25.4504,37.2977
2960,1.8483,-0.7733,-10.3622,0.4275,1.6260,28.4580
2980,1.5598,-0.8224,-9.1962,-0.0916,-10.0611,16.8702
3000,1.9249,-0.9457,-9.2860,-14.1679,10.1145,10.8473
3020,2.3822,-0.6536,-10.9631,-12.7557,9.3893,11.1298
3040,1.9369,-0.7350,-10.9451,4.8092,-15.0763,13.0611
3060,1.1540,-1.0547,-9.2058,8.6412,-7.2595,10.8702
3080,0.6524,-0.7781,-9.2824,-6.0229,9.0840,0.3359
3100,1.5084,-0.5770,-11.1630,-1.1756,-4.3282,-8.5496
3120,3.6667,-0.5806,-9.6499,13.3130,-14.0992,-5.8015
3140,2.9114,-0.6141,-8.6240,0.0611,-0.2977,11.3817
3160,1.3874,-0.6500,-9.7169,-12.8244,15.0840,8.6031
3180,2.5846,-0.4070,-11.0565,-9.9618,4.3359,0.5573
3200,2.1033,-0.2610,-11.1451,5.3817,-3.1832,3.7481
3220,2.4325,-0.1724,-9.4895,7.3588,7.1374,-0.9466
3240,3.0897,-0.1508,-9.6271,-3.2748,8.5878,3.9389
3260,1.8986,-0.2155,-10.5118,-0.0382,2.8855,8.5267
3280,1.2414,-0.4190,-10.0485,1.0763,4.6565,3.8855
3300,1.4976,-0.4166,-9.9779,-1.0687,16.7634,0.0687
3320,2.1811,-0.2263,-10.5381,0.4427,0.2061,-2.2748
3340,1.8699,-0.2705,-10.7380,6.2366,-7.6870,-0.4198
3360,1.3408,-0.3831,-10.1766,12.2137,8.7557,0.3511
3380,1.3707,-0.5555,-9.3805,9.8473,9.3359,-3.4580
3400,1.6831,-0.6345,-9.7899,8.6107,-2.2824,-5.7939
3420,1.3719,-0.6656,-10.0725,19.6718,-19.8855,-6.6947
3440,1.0738,-0.7242,-9.3279,22.3740,-21.1450,-10.7099
3460,1.8196,-0.7626,-9.1890,22.8931,-26.4733,-12.7710
3480,1.9261,-0.5112,-10.4867,29.1985,-55.4122,-12.1603
3500,1.4222,-0.4645,-9.8713,43.2443,-54.9084,-10.1374
3520,0.8092,-0.9206,-7.8231,34.0916,-30.0687,-12.0534
3540,0.8942,-1.1672,-6.5601,6.9771,-3.0534,-16.3588
3560,0.7925,-1.3372,-7.4735,-19.6947,10.4885,-18.2214
3580,1.0427,-1.3635,-8.4456,-29.9695,19.1298,-20.9924
3600,1.5790,-0.6668,-10.5441,-32.5878,18.2366,-21.0458
3620,1.4665,-0.7374,-11.7281,4.1374,-23.4427,-20.6031
3640,2.2972,-1.1253,-8.9855,21.9847,-35.5725,-18.1908
3660,1.7023,-1.2127,-7.2988,7.7710,-12.5191,-9.7023
3680,1.0307,-1.3587,-8.4959,-17.9847,13.1374,-8.1298
3700,1.0151,-1.0032,-10.4615,-10.6565,5.0763,-11.6718
3720,1.3946,-0.7626,-9.4835,-1.8702,5.3969,-13.6031
3740,1.9094,-1.1684,-8.9639,-6.2977,9.2061,-8.5878
3760,1.3072,-0.9613,-9.5397,-4.8244,4.2137,-5.3053
3780,0.7709,-0.9900,-9.3626,-6.3588,12.1679,-8.6794
3800,1.5251,-1.1313,-9.2261,-7.7252,16.0305,-11.9542
3820,1.2294,-0.6859,-9.5649,-9.9542,8.3893,-13.6641
3840,2.2506,-0.5519,-10.8614,0.1298,2.4351,-8.7252
3860,0.9050,-1.2689,-8.6659,21.5802,1.9313,2.0382
3880,0.0359,-1.4329,-5.7868,-5.4427,31.3435,-7.2824
3900,2.0566,-0.8416,-9.4691,-38.9924,25.2748,-18.0382
3920,2.8671,-0.5746,-11.4276,-17.9160,8.6031,-11.7252
3940,1.6640,-0.3340,-10.9356,0.5878,-0.7328,-7.8397
3960,2.1309,-0.2610,-10.7560,10.7176,-8.7481,-10.9008
3980,2.5522,-0.6943,-9.1196,14.8015,-4.8550,-5.4580
4000,1.9908,-0.5974,-8.7544,1.3435,8.2137,-2.0076
4020,1.8639,0.0754,-11.2983,1.6183,-10.5420,-7.5344
4040,2.5235,-0.2981,-10.4663,27.9008,-36.7786,-5.8473
4060,1.9800,-0.1963,-8.2672,21.4733,-10.0229,2.2214
4080,2.2170,-0.3508,-8.4300,-0.6718,17.2672,3.5878
4100,2.6875,-0.8703,-9.0872,-7.3511,22.3359,8.0763
4120,1.7442,-0.7147,-9.4931,-10.9084,15.1756,6.0687
4140,2.5403,-0.7709,-10.0330,-9.8321,15.3664,2.6794
4160,2.8120,-0.7242,-9.8630,-5.5954,2.0305,5.4046
4180,1.9261,-0.4609,-10.2329,-4.4580,-3.4275,9.6260
4200,1.6221,-0.3771,-11.7759,0.8550,22.7863,8.1069
4220,3.1340,-1.0116,-11.0445,20.2290,44.0000,18.9160
4240,2.1237,-1.4880,-7.8375,12.6947,52.4351,27.5038
4260,1.3647,-1.7250,-8.0817,-16.2214,61.3664,19.7710
4280,2.3870,-1.4940,-10.0725,-16.4046,35.0076,4.7557
4300,3.2418,-1.1815,-9.3255,-2.1832,11.5649,5.9618
4320,2.8910,-1.0535,-8.2816,-15.8626,20.9389,10.1679
4340,1.8388,-1.0187,-9.1136,-31.0382,36.9771,3.6641
4360,2.3344,-0.8236,-10.5441,-30.6412,26.3740,-8.9313
4380,3.7446,-0.5387,-10.6255,-9.7863,-0.4733,-8.2443
4400,3.9337,-0.4609,-9.6858,-2.8779,-15.0458,3.5420
4420,1.8819,-0.6416,-9.3733,-3.9542,-33.5573,6.3511
4440,1.7550,-1.1684,-9.7528,-11.3130,-26.7634,-9.0534
4460,3.3902,-0.8895,-8.7149,-18.6718,11.9924,-8.1908
4480,3.7841,-0.4274,-9.9659,-34.0153,26.2366,-0.2977
4500,3.6284,-0.1448,-11.7484,-23.0611,33.4351,7.7557
4520,3.4273,-0.0359,-11.0122,-1.6718,11.9008,9.4656
4540,3.9277,-0.1269,-10.4555,9.4656,4.6260,11.9695
4560,3.5482,-0.2933,-9.5673,12.0305,-3.0992,19.7863
4580,3.0011,-0.5088,-9.4907,9.8397,-1.7710,24.1908
4600,2.0734,-0.6752,-9.5122,11.1069,-4.2290,23.4046
4620,1.3575,-0.8176,-8.8478,6.1679,-8.9084,16.4275
4640,1.8447,-0.9409,-9.4452,-1.1756,2.4656,9.8779
4660,1.6185,-0.7195,-9.4727,-5.7481,8.3740,8.6489
4680,1.5395,-0.8523,-11.1762,-4.8397,5.0382,3.0992
4700,2.5510,-1.0128,-10.4950,10.4351,2.2443,0.2443
4720,2.8946,-0.8535,-8.7772,10.4275,1.8092,1.1603
4740,3.3531,-0.7817,-9.1399,-4.4198,9.4198,1.5573
4760,2.8946,-0.6632,-10.7548,-1.0916,6.8473,4.0687
4780,2.8168,-0.7147,-9.8546,9.6794,0.9466,2.2977
4800,3.2633,-0.9002,-9.0741,2.9389,4.0840,2.3511
4820,2.8503,-0.5100,-10.5884,0.5649,-6.8626,-0.2061
4840,3.5015,-0.4657,-10.8901,15.7176,-5.8779,0.6565
4860,3.6141,-0.8440,-9.1423,15.7405,2.2977,7.4122
4880,2.6157,-0.9960,-8.8382,1.8244,8.4962,9.6031
4900,2.0291,-1.0954,-9.4607,-4.6641,16.5725,2.9847
4920,2.6719,-0.9936,-9.8845,-6.2443,14.5802,-0.4885
4940,2.7677,-0.9313,-10.0054,-0.1908,4.3664,3.8092
4960,1.9226,-0.9146,-9.9156,4.6336,4.0687,4.5191
4980,1.7370,-1.0846,-9.3733,2.9847,11.6183,1.3282
5000,1.9118,-1.0487,-9.7157,0.4733,7.7557,-0.1908
5020,1.9166,-0.9206,-10.2484,11.3511,-2.6260,-2.2901
5040,1.9980,-0.9433,-9.2596,17.5038,-1.6565,-3.9542
5060,1.9633,-0.9242,-8.3762,11.3969,-3.2748,-5.2214
5080,1.5814,-1.0295,-8.9975,4.2061,-0.9160,-7.3130
5100,1.8112,-0.7925,-9.7217,9.3359,-6.1527,-10.6947
5120,2.2386,-0.6931,-9.0441,15.8244,-12.4809,-11.1221
5140,2.9078,-0.9002,-7.9859,10.6412,-15.2214,-5.1450
5160,1.9465,-0.8260,-7.9404,2.3664,-18.8702,-1.4656
5180,1.1468,-0.6764,-8.1643,-5.9847,-25.3130,-5.3282
5200,1.1947,-0.6620,-9.2081,-6.7099,-34.4122,-13.5802
5220,2.4660,-0.7925,-9.9527,12.0458,-25.7099,-11.2061
5240,2.5846,-0.7913,-8.3367,19.1603,-27.2061,-2.2595
5260,1.0307,-1.0427,-7.2078,2.5802,-24.0763,0.8168
5280,0.6440,-0.8871,-8.2026,-20.4733,-5.7328,-10.3664
5300,1.9022,-0.9002,-10.8183,-15.4198,-17.5573,-13.7939
5320,2.0626,-1.0331,-10.2065,11.5420,-43.2748,-9.1145
5340,0.9014,-0.8440,-8.8933,8.9160,-41.9389,-9.5038
5360,1.4689,-0.8140,-8.2696,-9.4809,-10.0840,-12.1298
5380,1.3587,-0.5447,-9.7672,-22.5344,9.2595,-6.4885
5400,1.5670,-1.1875,-10.6878,-1.9771,18.4809,-7.8702
5420,1.8579,-1.3228,-7.7728,4.4275,14.8244,-10.7023
5440,2.3128,-0.9852,-7.7776,-18.7710,19.4733,-15.6870
5460,3.0023,-0.6548,-9.9575,-24.7710,22.0229,-15.2748
5480,2.9604,-0.7123,-9.9779,-12.6794,25.7023,-7.3740
5500,2.3667,-0.7925,-10.0928,-13.5038,35.7710,-3.8168
5520,2.6923,-0.9553,-10.3741,-6.2748,15.8855,-3.9389
5540,2.1476,-0.8930,-9.6008,-3.0763,8.5267,-4.4733
5560,2.2841,-1.0235,-8.6826,-16.7863,35.0229,-3.4427
5580,2.5331,-0.9493,-9.1016,-34.1450,30.9084,-5.7099
5600,2.9341,-0.5327,-12.5672,-24.8626,-7.8168,-6.2824
5620,2.9497,-0.2478,-12.0824,9.0382,-18.8626,-4.2443
5640,3.8535,-0.5004,-10.1179,16.6794,1.3511,6.7252
5660,2.8826,-0.7242,-9.5661,6.4198,2.8397,14.6870
5680,1.8531,-0.8691,-9.8773,2.1985,3.9695,13.9313
5700,2.0147,-0.8080,-9.9073,2.8321,14.3740,8.6641
5720,2.4421,-0.7135,-9.6451,6.1145,7.3969,9.6336
5740,2.0554,-0.7446,-9.0705,7.1450,4.8931,9.8168
5760,1.9309,-0.8188,-8.2588,-1.8550,20.6718,7.6870
5780,2.0207,-0.7709,-8.8095,-16.4885,26.1908,2.9542
5800,2.4732,-0.4669,-10.2951,-13.4122,18.0916,-0.0076
5820,3.3567,-0.4082,-9.8151,-3.2061,11.4885,0.6412
5840,3.5422,-0.3244,-8.9460,-4.8626,9.5496,2.7786
5860,4.2581,-0.1903,-10.1994,-7.5115,7.9466,6.3511
5880,4.2545,-0.4525,-10.0725,-0.4427,-2.4198,14.8321
5900,3.5542,-0.5890,-9.8965,0.3740,1.5573,21.1603
5920,2.9353,-0.9469,-10.0880,-3.9237,5.5802,24.2214
5940,1.9692,-1.3096,-10.4364,-8.1985,3.6336,22.2824
5960,1.5957,-1.1528,-11.6574,-4.3664,-0.2672,16.0382
5980,1.4281,-1.1708,-11.6790,6.0076,-1.2290,10.9160
6000,1.7514,-1.2665,-10.5956,7.1985,3.0229,8.4198
6020,1.4389,-1.1528,-10.7895,3.3817,12.0458,7.5267
6040,1.4569,-1.0690,-10.7285,6.0534,18.8931,5.8244
6060,1.4904,-0.9325,-9.9911,9.4733,17.0458,2.2061
6080,1.8711,-0.7530,-9.3123,8.4885,17.6947,0.3969
6100,2.8048,-0.8739,-8.6671,4.9924,14.4504,3.5496
6120,2.6791,-0.7183,-8.0769,-1.8244,15.5420,9.5191
6140,2.1931,-0.5638,-9.0597,-6.3130,20.6947,7.1145
6160,2.7653,-0.8260,-9.0609,-0.3511,11.8473,3.8779
6180,3.3770,-0.8679,-8.2193,4.8321,-5.0382,6.6947
6200,3.3040,-0.7733,-7.7070,-3.5267,-1.6870,11.6641
6220,2.6791,-0.3879,-9.2907,-9.4809,-10.8855,11.6489
6240,2.6612,-0.5890,-9.7684,1.6183,-13.8702,8.1985
6260,2.4265,-0.7075,-8.3307,3.1603,-16.1832,6.3282
6280,1.9573,-0.3172,-7.8339,-18.9008,-5.6412,-6.2672
6300,2.8192,-0.1592,-9.6523,-36.9695,10.9924,-7.0305
6320,2.8970,-0.3460,-11.6443,-25.6489,13.7481,-1.7939
6340,1.8232,-0.3101,-10.6698,-7.0916,9.9160,1.5573
6360,1.9896,-0.3938,-10.1622,-0.1908,-5.0687,-5.8321
6380,2.2015,-0.5231,-9.3925,3.1603,-15.3511,-9.2595
